{
  "service": {
    "service": "serverless-rest-api-with-dynamodb",
    "serviceObject": {
      "name": "serverless-rest-api-with-dynamodb"
    },
    "provider": {
      "stage": "dev",
      "region": "us-east-1",
      "variableSyntax": "\\${([ :a-zA-Z0-9._,\\-\\/\\(\\)]+?)}",
      "name": "aws",
      "runtime": "nodejs4.3",
      "profile": "serverless-admin",
      "environment": {
        "DYNAMODB_TABLE": "serverless-rest-api-with-dynamodb-dev"
      },
      "iamRoleStatements": [
        {
          "Effect": "Allow",
          "Action": [
            "dynamodb:Query",
            "dynamodb:Scan",
            "dynamodb:GetItem",
            "dynamodb:PutItem",
            "dynamodb:UpdateItem",
            "dynamodb:DeleteItem"
          ],
          "Resource": "arn:aws:dynamodb:us-east-1:*:table/serverless-rest-api-with-dynamodb-dev"
        }
      ],
      "versionFunctions": true,
      "compiledCloudFormationTemplate": {
        "AWSTemplateFormatVersion": "2010-09-09",
        "Description": "The AWS CloudFormation template for this Serverless application",
        "Resources": {
          "ServerlessDeploymentBucket": {
            "Type": "AWS::S3::Bucket"
          },
          "CreateLogGroup": {
            "Type": "AWS::Logs::LogGroup",
            "Properties": {
              "LogGroupName": "/aws/lambda/serverless-rest-api-with-dynamodb-dev-create"
            }
          },
          "ListLogGroup": {
            "Type": "AWS::Logs::LogGroup",
            "Properties": {
              "LogGroupName": "/aws/lambda/serverless-rest-api-with-dynamodb-dev-list"
            }
          },
          "GetLogGroup": {
            "Type": "AWS::Logs::LogGroup",
            "Properties": {
              "LogGroupName": "/aws/lambda/serverless-rest-api-with-dynamodb-dev-get"
            }
          },
          "UpdateLogGroup": {
            "Type": "AWS::Logs::LogGroup",
            "Properties": {
              "LogGroupName": "/aws/lambda/serverless-rest-api-with-dynamodb-dev-update"
            }
          },
          "DeleteLogGroup": {
            "Type": "AWS::Logs::LogGroup",
            "Properties": {
              "LogGroupName": "/aws/lambda/serverless-rest-api-with-dynamodb-dev-delete"
            }
          },
          "IamRoleLambdaExecution": {
            "Type": "AWS::IAM::Role",
            "Properties": {
              "AssumeRolePolicyDocument": {
                "Version": "2012-10-17",
                "Statement": [
                  {
                    "Effect": "Allow",
                    "Principal": {
                      "Service": [
                        "lambda.amazonaws.com"
                      ]
                    },
                    "Action": [
                      "sts:AssumeRole"
                    ]
                  }
                ]
              },
              "Policies": [
                {
                  "PolicyName": {
                    "Fn::Join": [
                      "-",
                      [
                        "dev",
                        "serverless-rest-api-with-dynamodb",
                        "lambda"
                      ]
                    ]
                  },
                  "PolicyDocument": {
                    "Version": "2012-10-17",
                    "Statement": [
                      {
                        "Effect": "Allow",
                        "Action": [
                          "logs:CreateLogStream"
                        ],
                        "Resource": [
                          {
                            "Fn::Sub": "arn:aws:logs:${AWS::Region}:${AWS::AccountId}:log-group:/aws/lambda/serverless-rest-api-with-dynamodb-dev-create:*"
                          },
                          {
                            "Fn::Sub": "arn:aws:logs:${AWS::Region}:${AWS::AccountId}:log-group:/aws/lambda/serverless-rest-api-with-dynamodb-dev-list:*"
                          },
                          {
                            "Fn::Sub": "arn:aws:logs:${AWS::Region}:${AWS::AccountId}:log-group:/aws/lambda/serverless-rest-api-with-dynamodb-dev-get:*"
                          },
                          {
                            "Fn::Sub": "arn:aws:logs:${AWS::Region}:${AWS::AccountId}:log-group:/aws/lambda/serverless-rest-api-with-dynamodb-dev-update:*"
                          },
                          {
                            "Fn::Sub": "arn:aws:logs:${AWS::Region}:${AWS::AccountId}:log-group:/aws/lambda/serverless-rest-api-with-dynamodb-dev-delete:*"
                          }
                        ]
                      },
                      {
                        "Effect": "Allow",
                        "Action": [
                          "logs:PutLogEvents"
                        ],
                        "Resource": [
                          {
                            "Fn::Sub": "arn:aws:logs:${AWS::Region}:${AWS::AccountId}:log-group:/aws/lambda/serverless-rest-api-with-dynamodb-dev-create:*:*"
                          },
                          {
                            "Fn::Sub": "arn:aws:logs:${AWS::Region}:${AWS::AccountId}:log-group:/aws/lambda/serverless-rest-api-with-dynamodb-dev-list:*:*"
                          },
                          {
                            "Fn::Sub": "arn:aws:logs:${AWS::Region}:${AWS::AccountId}:log-group:/aws/lambda/serverless-rest-api-with-dynamodb-dev-get:*:*"
                          },
                          {
                            "Fn::Sub": "arn:aws:logs:${AWS::Region}:${AWS::AccountId}:log-group:/aws/lambda/serverless-rest-api-with-dynamodb-dev-update:*:*"
                          },
                          {
                            "Fn::Sub": "arn:aws:logs:${AWS::Region}:${AWS::AccountId}:log-group:/aws/lambda/serverless-rest-api-with-dynamodb-dev-delete:*:*"
                          }
                        ]
                      },
                      {
                        "Effect": "Allow",
                        "Action": [
                          "dynamodb:Query",
                          "dynamodb:Scan",
                          "dynamodb:GetItem",
                          "dynamodb:PutItem",
                          "dynamodb:UpdateItem",
                          "dynamodb:DeleteItem"
                        ],
                        "Resource": "arn:aws:dynamodb:us-east-1:*:table/serverless-rest-api-with-dynamodb-dev"
                      }
                    ]
                  }
                }
              ],
              "Path": "/",
              "RoleName": {
                "Fn::Join": [
                  "-",
                  [
                    "serverless-rest-api-with-dynamodb",
                    "dev",
                    "us-east-1",
                    "lambdaRole"
                  ]
                ]
              }
            }
          },
          "CreateLambdaFunction": {
            "Type": "AWS::Lambda::Function",
            "Properties": {
              "Code": {
                "S3Bucket": {
                  "Ref": "ServerlessDeploymentBucket"
                },
                "S3Key": "serverless/serverless-rest-api-with-dynamodb/dev/1498128382278-2017-06-22T10:46:22.278Z/serverless-rest-api-with-dynamodb.zip"
              },
              "FunctionName": "serverless-rest-api-with-dynamodb-dev-create",
              "Handler": "todos/create.create",
              "MemorySize": 1024,
              "Role": {
                "Fn::GetAtt": [
                  "IamRoleLambdaExecution",
                  "Arn"
                ]
              },
              "Runtime": "nodejs4.3",
              "Timeout": 6,
              "Environment": {
                "Variables": {
                  "DYNAMODB_TABLE": "serverless-rest-api-with-dynamodb-dev"
                }
              }
            },
            "DependsOn": [
              "CreateLogGroup",
              "IamRoleLambdaExecution"
            ]
          },
          "CreateLambdaVersionO2A0HartzJhCBTeCp95mnZ37MHFcKBuSTCDkbfd6h8": {
            "Type": "AWS::Lambda::Version",
            "DeletionPolicy": "Retain",
            "Properties": {
              "FunctionName": {
                "Ref": "CreateLambdaFunction"
              },
              "CodeSha256": "O2A0HartzJhCBTe/Cp95mnZ37MHFcKBuSTCDkbfd6h8="
            }
          },
          "ListLambdaFunction": {
            "Type": "AWS::Lambda::Function",
            "Properties": {
              "Code": {
                "S3Bucket": {
                  "Ref": "ServerlessDeploymentBucket"
                },
                "S3Key": "serverless/serverless-rest-api-with-dynamodb/dev/1498128382278-2017-06-22T10:46:22.278Z/serverless-rest-api-with-dynamodb.zip"
              },
              "FunctionName": "serverless-rest-api-with-dynamodb-dev-list",
              "Handler": "todos/list.list",
              "MemorySize": 1024,
              "Role": {
                "Fn::GetAtt": [
                  "IamRoleLambdaExecution",
                  "Arn"
                ]
              },
              "Runtime": "nodejs4.3",
              "Timeout": 6,
              "Environment": {
                "Variables": {
                  "DYNAMODB_TABLE": "serverless-rest-api-with-dynamodb-dev"
                }
              }
            },
            "DependsOn": [
              "ListLogGroup",
              "IamRoleLambdaExecution"
            ]
          },
          "ListLambdaVersionO2A0HartzJhCBTeCp95mnZ37MHFcKBuSTCDkbfd6h8": {
            "Type": "AWS::Lambda::Version",
            "DeletionPolicy": "Retain",
            "Properties": {
              "FunctionName": {
                "Ref": "ListLambdaFunction"
              },
              "CodeSha256": "O2A0HartzJhCBTe/Cp95mnZ37MHFcKBuSTCDkbfd6h8="
            }
          },
          "GetLambdaFunction": {
            "Type": "AWS::Lambda::Function",
            "Properties": {
              "Code": {
                "S3Bucket": {
                  "Ref": "ServerlessDeploymentBucket"
                },
                "S3Key": "serverless/serverless-rest-api-with-dynamodb/dev/1498128382278-2017-06-22T10:46:22.278Z/serverless-rest-api-with-dynamodb.zip"
              },
              "FunctionName": "serverless-rest-api-with-dynamodb-dev-get",
              "Handler": "todos/get.get",
              "MemorySize": 1024,
              "Role": {
                "Fn::GetAtt": [
                  "IamRoleLambdaExecution",
                  "Arn"
                ]
              },
              "Runtime": "nodejs4.3",
              "Timeout": 6,
              "Environment": {
                "Variables": {
                  "DYNAMODB_TABLE": "serverless-rest-api-with-dynamodb-dev"
                }
              }
            },
            "DependsOn": [
              "GetLogGroup",
              "IamRoleLambdaExecution"
            ]
          },
          "GetLambdaVersionO2A0HartzJhCBTeCp95mnZ37MHFcKBuSTCDkbfd6h8": {
            "Type": "AWS::Lambda::Version",
            "DeletionPolicy": "Retain",
            "Properties": {
              "FunctionName": {
                "Ref": "GetLambdaFunction"
              },
              "CodeSha256": "O2A0HartzJhCBTe/Cp95mnZ37MHFcKBuSTCDkbfd6h8="
            }
          },
          "UpdateLambdaFunction": {
            "Type": "AWS::Lambda::Function",
            "Properties": {
              "Code": {
                "S3Bucket": {
                  "Ref": "ServerlessDeploymentBucket"
                },
                "S3Key": "serverless/serverless-rest-api-with-dynamodb/dev/1498128382278-2017-06-22T10:46:22.278Z/serverless-rest-api-with-dynamodb.zip"
              },
              "FunctionName": "serverless-rest-api-with-dynamodb-dev-update",
              "Handler": "todos/update.update",
              "MemorySize": 1024,
              "Role": {
                "Fn::GetAtt": [
                  "IamRoleLambdaExecution",
                  "Arn"
                ]
              },
              "Runtime": "nodejs4.3",
              "Timeout": 6,
              "Environment": {
                "Variables": {
                  "DYNAMODB_TABLE": "serverless-rest-api-with-dynamodb-dev"
                }
              }
            },
            "DependsOn": [
              "UpdateLogGroup",
              "IamRoleLambdaExecution"
            ]
          },
          "UpdateLambdaVersionO2A0HartzJhCBTeCp95mnZ37MHFcKBuSTCDkbfd6h8": {
            "Type": "AWS::Lambda::Version",
            "DeletionPolicy": "Retain",
            "Properties": {
              "FunctionName": {
                "Ref": "UpdateLambdaFunction"
              },
              "CodeSha256": "O2A0HartzJhCBTe/Cp95mnZ37MHFcKBuSTCDkbfd6h8="
            }
          },
          "DeleteLambdaFunction": {
            "Type": "AWS::Lambda::Function",
            "Properties": {
              "Code": {
                "S3Bucket": {
                  "Ref": "ServerlessDeploymentBucket"
                },
                "S3Key": "serverless/serverless-rest-api-with-dynamodb/dev/1498128382278-2017-06-22T10:46:22.278Z/serverless-rest-api-with-dynamodb.zip"
              },
              "FunctionName": "serverless-rest-api-with-dynamodb-dev-delete",
              "Handler": "todos/delete.delete",
              "MemorySize": 1024,
              "Role": {
                "Fn::GetAtt": [
                  "IamRoleLambdaExecution",
                  "Arn"
                ]
              },
              "Runtime": "nodejs4.3",
              "Timeout": 6,
              "Environment": {
                "Variables": {
                  "DYNAMODB_TABLE": "serverless-rest-api-with-dynamodb-dev"
                }
              }
            },
            "DependsOn": [
              "DeleteLogGroup",
              "IamRoleLambdaExecution"
            ]
          },
          "DeleteLambdaVersionO2A0HartzJhCBTeCp95mnZ37MHFcKBuSTCDkbfd6h8": {
            "Type": "AWS::Lambda::Version",
            "DeletionPolicy": "Retain",
            "Properties": {
              "FunctionName": {
                "Ref": "DeleteLambdaFunction"
              },
              "CodeSha256": "O2A0HartzJhCBTe/Cp95mnZ37MHFcKBuSTCDkbfd6h8="
            }
          },
          "ApiGatewayRestApi": {
            "Type": "AWS::ApiGateway::RestApi",
            "Properties": {
              "Name": "dev-serverless-rest-api-with-dynamodb"
            }
          },
          "ApiGatewayResourceTodos": {
            "Type": "AWS::ApiGateway::Resource",
            "Properties": {
              "ParentId": {
                "Fn::GetAtt": [
                  "ApiGatewayRestApi",
                  "RootResourceId"
                ]
              },
              "PathPart": "todos",
              "RestApiId": {
                "Ref": "ApiGatewayRestApi"
              }
            }
          },
          "ApiGatewayResourceTodosIdVar": {
            "Type": "AWS::ApiGateway::Resource",
            "Properties": {
              "ParentId": {
                "Ref": "ApiGatewayResourceTodos"
              },
              "PathPart": "{id}",
              "RestApiId": {
                "Ref": "ApiGatewayRestApi"
              }
            }
          },
          "ApiGatewayMethodTodosOptions": {
            "Type": "AWS::ApiGateway::Method",
            "Properties": {
              "AuthorizationType": "NONE",
              "HttpMethod": "OPTIONS",
              "MethodResponses": [
                {
                  "StatusCode": "200",
                  "ResponseParameters": {
                    "method.response.header.Access-Control-Allow-Origin": true,
                    "method.response.header.Access-Control-Allow-Headers": true,
                    "method.response.header.Access-Control-Allow-Methods": true,
                    "method.response.header.Access-Control-Allow-Credentials": true
                  },
                  "ResponseModels": {}
                }
              ],
              "RequestParameters": {},
              "Integration": {
                "Type": "MOCK",
                "RequestTemplates": {
                  "application/json": "{statusCode:200}"
                },
                "IntegrationResponses": [
                  {
                    "StatusCode": "200",
                    "ResponseParameters": {
                      "method.response.header.Access-Control-Allow-Origin": "'*'",
                      "method.response.header.Access-Control-Allow-Headers": "'Content-Type,X-Amz-Date,Authorization,X-Api-Key,X-Amz-Security-Token,X-Amz-User-Agent'",
                      "method.response.header.Access-Control-Allow-Methods": "'OPTIONS,GET,POST'",
                      "method.response.header.Access-Control-Allow-Credentials": "'false'"
                    },
                    "ResponseTemplates": {
                      "application/json": ""
                    }
                  }
                ]
              },
              "ResourceId": {
                "Ref": "ApiGatewayResourceTodos"
              },
              "RestApiId": {
                "Ref": "ApiGatewayRestApi"
              }
            }
          },
          "ApiGatewayMethodTodosIdVarOptions": {
            "Type": "AWS::ApiGateway::Method",
            "Properties": {
              "AuthorizationType": "NONE",
              "HttpMethod": "OPTIONS",
              "MethodResponses": [
                {
                  "StatusCode": "200",
                  "ResponseParameters": {
                    "method.response.header.Access-Control-Allow-Origin": true,
                    "method.response.header.Access-Control-Allow-Headers": true,
                    "method.response.header.Access-Control-Allow-Methods": true,
                    "method.response.header.Access-Control-Allow-Credentials": true
                  },
                  "ResponseModels": {}
                }
              ],
              "RequestParameters": {},
              "Integration": {
                "Type": "MOCK",
                "RequestTemplates": {
                  "application/json": "{statusCode:200}"
                },
                "IntegrationResponses": [
                  {
                    "StatusCode": "200",
                    "ResponseParameters": {
                      "method.response.header.Access-Control-Allow-Origin": "'*'",
                      "method.response.header.Access-Control-Allow-Headers": "'Content-Type,X-Amz-Date,Authorization,X-Api-Key,X-Amz-Security-Token,X-Amz-User-Agent'",
                      "method.response.header.Access-Control-Allow-Methods": "'OPTIONS,DELETE,PUT,GET'",
                      "method.response.header.Access-Control-Allow-Credentials": "'false'"
                    },
                    "ResponseTemplates": {
                      "application/json": ""
                    }
                  }
                ]
              },
              "ResourceId": {
                "Ref": "ApiGatewayResourceTodosIdVar"
              },
              "RestApiId": {
                "Ref": "ApiGatewayRestApi"
              }
            }
          },
          "ApiGatewayMethodTodosPost": {
            "Type": "AWS::ApiGateway::Method",
            "Properties": {
              "HttpMethod": "POST",
              "RequestParameters": {},
              "ResourceId": {
                "Ref": "ApiGatewayResourceTodos"
              },
              "RestApiId": {
                "Ref": "ApiGatewayRestApi"
              },
              "AuthorizationType": "NONE",
              "Integration": {
                "IntegrationHttpMethod": "POST",
                "Type": "AWS_PROXY",
                "Uri": {
                  "Fn::Join": [
                    "",
                    [
                      "arn:aws:apigateway:",
                      {
                        "Ref": "AWS::Region"
                      },
                      ":lambda:path/2015-03-31/functions/",
                      {
                        "Fn::GetAtt": [
                          "CreateLambdaFunction",
                          "Arn"
                        ]
                      },
                      "/invocations"
                    ]
                  ]
                }
              },
              "MethodResponses": []
            }
          },
          "ApiGatewayMethodTodosGet": {
            "Type": "AWS::ApiGateway::Method",
            "Properties": {
              "HttpMethod": "GET",
              "RequestParameters": {},
              "ResourceId": {
                "Ref": "ApiGatewayResourceTodos"
              },
              "RestApiId": {
                "Ref": "ApiGatewayRestApi"
              },
              "AuthorizationType": "NONE",
              "Integration": {
                "IntegrationHttpMethod": "POST",
                "Type": "AWS_PROXY",
                "Uri": {
                  "Fn::Join": [
                    "",
                    [
                      "arn:aws:apigateway:",
                      {
                        "Ref": "AWS::Region"
                      },
                      ":lambda:path/2015-03-31/functions/",
                      {
                        "Fn::GetAtt": [
                          "ListLambdaFunction",
                          "Arn"
                        ]
                      },
                      "/invocations"
                    ]
                  ]
                }
              },
              "MethodResponses": []
            }
          },
          "ApiGatewayMethodTodosIdVarGet": {
            "Type": "AWS::ApiGateway::Method",
            "Properties": {
              "HttpMethod": "GET",
              "RequestParameters": {},
              "ResourceId": {
                "Ref": "ApiGatewayResourceTodosIdVar"
              },
              "RestApiId": {
                "Ref": "ApiGatewayRestApi"
              },
              "AuthorizationType": "NONE",
              "Integration": {
                "IntegrationHttpMethod": "POST",
                "Type": "AWS_PROXY",
                "Uri": {
                  "Fn::Join": [
                    "",
                    [
                      "arn:aws:apigateway:",
                      {
                        "Ref": "AWS::Region"
                      },
                      ":lambda:path/2015-03-31/functions/",
                      {
                        "Fn::GetAtt": [
                          "GetLambdaFunction",
                          "Arn"
                        ]
                      },
                      "/invocations"
                    ]
                  ]
                }
              },
              "MethodResponses": []
            }
          },
          "ApiGatewayMethodTodosIdVarPut": {
            "Type": "AWS::ApiGateway::Method",
            "Properties": {
              "HttpMethod": "PUT",
              "RequestParameters": {},
              "ResourceId": {
                "Ref": "ApiGatewayResourceTodosIdVar"
              },
              "RestApiId": {
                "Ref": "ApiGatewayRestApi"
              },
              "AuthorizationType": "NONE",
              "Integration": {
                "IntegrationHttpMethod": "POST",
                "Type": "AWS_PROXY",
                "Uri": {
                  "Fn::Join": [
                    "",
                    [
                      "arn:aws:apigateway:",
                      {
                        "Ref": "AWS::Region"
                      },
                      ":lambda:path/2015-03-31/functions/",
                      {
                        "Fn::GetAtt": [
                          "UpdateLambdaFunction",
                          "Arn"
                        ]
                      },
                      "/invocations"
                    ]
                  ]
                }
              },
              "MethodResponses": []
            }
          },
          "ApiGatewayMethodTodosIdVarDelete": {
            "Type": "AWS::ApiGateway::Method",
            "Properties": {
              "HttpMethod": "DELETE",
              "RequestParameters": {},
              "ResourceId": {
                "Ref": "ApiGatewayResourceTodosIdVar"
              },
              "RestApiId": {
                "Ref": "ApiGatewayRestApi"
              },
              "AuthorizationType": "NONE",
              "Integration": {
                "IntegrationHttpMethod": "POST",
                "Type": "AWS_PROXY",
                "Uri": {
                  "Fn::Join": [
                    "",
                    [
                      "arn:aws:apigateway:",
                      {
                        "Ref": "AWS::Region"
                      },
                      ":lambda:path/2015-03-31/functions/",
                      {
                        "Fn::GetAtt": [
                          "DeleteLambdaFunction",
                          "Arn"
                        ]
                      },
                      "/invocations"
                    ]
                  ]
                }
              },
              "MethodResponses": []
            }
          },
          "ApiGatewayDeployment1498128382292": {
            "Type": "AWS::ApiGateway::Deployment",
            "Properties": {
              "RestApiId": {
                "Ref": "ApiGatewayRestApi"
              },
              "StageName": "dev"
            },
            "DependsOn": [
              "ApiGatewayMethodTodosPost",
              "ApiGatewayMethodTodosGet",
              "ApiGatewayMethodTodosIdVarGet",
              "ApiGatewayMethodTodosIdVarPut",
              "ApiGatewayMethodTodosIdVarDelete"
            ]
          },
          "CreateLambdaPermissionApiGateway": {
            "Type": "AWS::Lambda::Permission",
            "Properties": {
              "FunctionName": {
                "Fn::GetAtt": [
                  "CreateLambdaFunction",
                  "Arn"
                ]
              },
              "Action": "lambda:InvokeFunction",
              "Principal": "apigateway.amazonaws.com",
              "SourceArn": {
                "Fn::Join": [
                  "",
                  [
                    "arn:aws:execute-api:",
                    {
                      "Ref": "AWS::Region"
                    },
                    ":",
                    {
                      "Ref": "AWS::AccountId"
                    },
                    ":",
                    {
                      "Ref": "ApiGatewayRestApi"
                    },
                    "/*/*"
                  ]
                ]
              }
            }
          },
          "ListLambdaPermissionApiGateway": {
            "Type": "AWS::Lambda::Permission",
            "Properties": {
              "FunctionName": {
                "Fn::GetAtt": [
                  "ListLambdaFunction",
                  "Arn"
                ]
              },
              "Action": "lambda:InvokeFunction",
              "Principal": "apigateway.amazonaws.com",
              "SourceArn": {
                "Fn::Join": [
                  "",
                  [
                    "arn:aws:execute-api:",
                    {
                      "Ref": "AWS::Region"
                    },
                    ":",
                    {
                      "Ref": "AWS::AccountId"
                    },
                    ":",
                    {
                      "Ref": "ApiGatewayRestApi"
                    },
                    "/*/*"
                  ]
                ]
              }
            }
          },
          "GetLambdaPermissionApiGateway": {
            "Type": "AWS::Lambda::Permission",
            "Properties": {
              "FunctionName": {
                "Fn::GetAtt": [
                  "GetLambdaFunction",
                  "Arn"
                ]
              },
              "Action": "lambda:InvokeFunction",
              "Principal": "apigateway.amazonaws.com",
              "SourceArn": {
                "Fn::Join": [
                  "",
                  [
                    "arn:aws:execute-api:",
                    {
                      "Ref": "AWS::Region"
                    },
                    ":",
                    {
                      "Ref": "AWS::AccountId"
                    },
                    ":",
                    {
                      "Ref": "ApiGatewayRestApi"
                    },
                    "/*/*"
                  ]
                ]
              }
            }
          },
          "UpdateLambdaPermissionApiGateway": {
            "Type": "AWS::Lambda::Permission",
            "Properties": {
              "FunctionName": {
                "Fn::GetAtt": [
                  "UpdateLambdaFunction",
                  "Arn"
                ]
              },
              "Action": "lambda:InvokeFunction",
              "Principal": "apigateway.amazonaws.com",
              "SourceArn": {
                "Fn::Join": [
                  "",
                  [
                    "arn:aws:execute-api:",
                    {
                      "Ref": "AWS::Region"
                    },
                    ":",
                    {
                      "Ref": "AWS::AccountId"
                    },
                    ":",
                    {
                      "Ref": "ApiGatewayRestApi"
                    },
                    "/*/*"
                  ]
                ]
              }
            }
          },
          "DeleteLambdaPermissionApiGateway": {
            "Type": "AWS::Lambda::Permission",
            "Properties": {
              "FunctionName": {
                "Fn::GetAtt": [
                  "DeleteLambdaFunction",
                  "Arn"
                ]
              },
              "Action": "lambda:InvokeFunction",
              "Principal": "apigateway.amazonaws.com",
              "SourceArn": {
                "Fn::Join": [
                  "",
                  [
                    "arn:aws:execute-api:",
                    {
                      "Ref": "AWS::Region"
                    },
                    ":",
                    {
                      "Ref": "AWS::AccountId"
                    },
                    ":",
                    {
                      "Ref": "ApiGatewayRestApi"
                    },
                    "/*/*"
                  ]
                ]
              }
            }
          },
          "TodosDynamoDbTable": {
            "Type": "AWS::DynamoDB::Table",
            "DeletionPolicy": "Retain",
            "Properties": {
              "AttributeDefinitions": [
                {
                  "AttributeName": "id",
                  "AttributeType": "S"
                }
              ],
              "KeySchema": [
                {
                  "AttributeName": "id",
                  "KeyType": "HASH"
                }
              ],
              "ProvisionedThroughput": {
                "ReadCapacityUnits": 1,
                "WriteCapacityUnits": 1
              },
              "TableName": "serverless-rest-api-with-dynamodb-dev"
            }
          }
        },
        "Outputs": {
          "ServerlessDeploymentBucketName": {
            "Value": {
              "Ref": "ServerlessDeploymentBucket"
            }
          },
          "CreateLambdaFunctionQualifiedArn": {
            "Description": "Current Lambda function version",
            "Value": {
              "Ref": "CreateLambdaVersionO2A0HartzJhCBTeCp95mnZ37MHFcKBuSTCDkbfd6h8"
            }
          },
          "ListLambdaFunctionQualifiedArn": {
            "Description": "Current Lambda function version",
            "Value": {
              "Ref": "ListLambdaVersionO2A0HartzJhCBTeCp95mnZ37MHFcKBuSTCDkbfd6h8"
            }
          },
          "GetLambdaFunctionQualifiedArn": {
            "Description": "Current Lambda function version",
            "Value": {
              "Ref": "GetLambdaVersionO2A0HartzJhCBTeCp95mnZ37MHFcKBuSTCDkbfd6h8"
            }
          },
          "UpdateLambdaFunctionQualifiedArn": {
            "Description": "Current Lambda function version",
            "Value": {
              "Ref": "UpdateLambdaVersionO2A0HartzJhCBTeCp95mnZ37MHFcKBuSTCDkbfd6h8"
            }
          },
          "DeleteLambdaFunctionQualifiedArn": {
            "Description": "Current Lambda function version",
            "Value": {
              "Ref": "DeleteLambdaVersionO2A0HartzJhCBTeCp95mnZ37MHFcKBuSTCDkbfd6h8"
            }
          },
          "ServiceEndpoint": {
            "Description": "URL of the service endpoint",
            "Value": {
              "Fn::Join": [
                "",
                [
                  "https://",
                  {
                    "Ref": "ApiGatewayRestApi"
                  },
                  ".execute-api.us-east-1.amazonaws.com/dev"
                ]
              ]
            }
          }
        }
      },
      "coreCloudFormationTemplate": {
        "AWSTemplateFormatVersion": "2010-09-09",
        "Description": "The AWS CloudFormation template for this Serverless application",
        "Resources": {
          "ServerlessDeploymentBucket": {
            "Type": "AWS::S3::Bucket"
          }
        },
        "Outputs": {
          "ServerlessDeploymentBucketName": {
            "Value": {
              "Ref": "ServerlessDeploymentBucket"
            }
          }
        }
      },
      "vpc": {}
    },
    "functions": {
      "create": {
        "handler": "todos/create.create",
        "events": [
          {
            "http": {
              "path": "todos",
              "method": "post",
              "cors": {
                "origins": [
                  "*"
                ],
                "origin": "*",
                "methods": [
                  "OPTIONS",
                  "POST"
                ],
                "headers": [
                  "Content-Type",
                  "X-Amz-Date",
                  "Authorization",
                  "X-Api-Key",
                  "X-Amz-Security-Token",
                  "X-Amz-User-Agent"
                ],
                "allowCredentials": false
              },
              "integration": "AWS_PROXY"
            }
          }
        ],
        "name": "serverless-rest-api-with-dynamodb-dev-create",
        "package": {},
        "vpc": {}
      },
      "list": {
        "handler": "todos/list.list",
        "events": [
          {
            "http": {
              "path": "todos",
              "method": "get",
              "cors": {
                "origins": [
                  "*"
                ],
                "origin": "*",
                "methods": [
                  "OPTIONS",
                  "GET"
                ],
                "headers": [
                  "Content-Type",
                  "X-Amz-Date",
                  "Authorization",
                  "X-Api-Key",
                  "X-Amz-Security-Token",
                  "X-Amz-User-Agent"
                ],
                "allowCredentials": false
              },
              "integration": "AWS_PROXY"
            }
          }
        ],
        "name": "serverless-rest-api-with-dynamodb-dev-list",
        "package": {},
        "vpc": {}
      },
      "get": {
        "handler": "todos/get.get",
        "events": [
          {
            "http": {
              "path": "todos/{id}",
              "method": "get",
              "cors": {
                "origins": [
                  "*"
                ],
                "origin": "*",
                "methods": [
                  "OPTIONS",
                  "GET"
                ],
                "headers": [
                  "Content-Type",
                  "X-Amz-Date",
                  "Authorization",
                  "X-Api-Key",
                  "X-Amz-Security-Token",
                  "X-Amz-User-Agent"
                ],
                "allowCredentials": false
              },
              "integration": "AWS_PROXY"
            }
          }
        ],
        "name": "serverless-rest-api-with-dynamodb-dev-get",
        "package": {},
        "vpc": {}
      },
      "update": {
        "handler": "todos/update.update",
        "events": [
          {
            "http": {
              "path": "todos/{id}",
              "method": "put",
              "cors": {
                "origins": [
                  "*"
                ],
                "origin": "*",
                "methods": [
                  "OPTIONS",
                  "PUT"
                ],
                "headers": [
                  "Content-Type",
                  "X-Amz-Date",
                  "Authorization",
                  "X-Api-Key",
                  "X-Amz-Security-Token",
                  "X-Amz-User-Agent"
                ],
                "allowCredentials": false
              },
              "integration": "AWS_PROXY"
            }
          }
        ],
        "name": "serverless-rest-api-with-dynamodb-dev-update",
        "package": {},
        "vpc": {}
      },
      "delete": {
        "handler": "todos/delete.delete",
        "events": [
          {
            "http": {
              "path": "todos/{id}",
              "method": "delete",
              "cors": {
                "origins": [
                  "*"
                ],
                "origin": "*",
                "methods": [
                  "OPTIONS",
                  "DELETE"
                ],
                "headers": [
                  "Content-Type",
                  "X-Amz-Date",
                  "Authorization",
                  "X-Api-Key",
                  "X-Amz-Security-Token",
                  "X-Amz-User-Agent"
                ],
                "allowCredentials": false
              },
              "integration": "AWS_PROXY"
            }
          }
        ],
        "name": "serverless-rest-api-with-dynamodb-dev-delete",
        "package": {},
        "vpc": {}
      }
    },
    "resources": {
      "Resources": {
        "TodosDynamoDbTable": {
          "Type": "AWS::DynamoDB::Table",
          "DeletionPolicy": "Retain",
          "Properties": {
            "AttributeDefinitions": [
              {
                "AttributeName": "id",
                "AttributeType": "S"
              }
            ],
            "KeySchema": [
              {
                "AttributeName": "id",
                "KeyType": "HASH"
              }
            ],
            "ProvisionedThroughput": {
              "ReadCapacityUnits": 1,
              "WriteCapacityUnits": 1
            },
            "TableName": "serverless-rest-api-with-dynamodb-dev"
          }
        }
      },
      "Outputs": {}
    },
    "artifact": "/Users/stephanemaarek/projects/udemy/aws-lambda/aws-node-rest-api-with-dynamodb/.serverless/serverless-rest-api-with-dynamodb.zip"
  },
  "package": {
    "artifactDirectoryName": "serverless/serverless-rest-api-with-dynamodb/dev/1498128382278-2017-06-22T10:46:22.278Z",
    "artifact": "serverless-rest-api-with-dynamodb.zip"
  }
}